Rank,Score,Title,Date,Views,Transcript,Category,URL,TranscriptSource
B,53.0,Palantir CEO Alex Karp on Emancipating Industry Data,2021-04-19,70840,有,,https://www.youtube.com/watch?v=OZUzqQrfs5k,youtube
B,37.0,"Interview Series: Palantir CEO Alex Karp on Data Protection, AI, and Digital Sovereignty",2022-03-14,12554,无,其他,https://www.youtube.com/watch?v=wheVmu7NwnM,youtube
B,55.0,Network Health Management with AIP | CPKC Rail at AIPCon,2023-09-25,4434,有,,https://www.youtube.com/watch?v=e_h8CiqHJkQ,whisper
B,52.0,Palantir Using Palantir | A Conversation with CIO Jim Siders,2024-07-12,17675,有,,https://www.youtube.com/watch?v=5gCwt351nQQ,whisper
B,63.0,Palantir Foundry for Anti-Money Laundering,2021-05-24,23846,有,,https://www.youtube.com/watch?v=9o_rEwKZDF8,youtube
B,58.0,Palantir and the NHS | UK Stories,2026-01-30,6437,有,,https://www.youtube.com/watch?v=NANvLfyDQBI,youtube
B,64.0,The Future of Aircraft Maintenance | United Airlines at AIPCon 4,2024-06-11,6143,有,,https://www.youtube.com/watch?v=51OH0x8ZPYQ,whisper
B,37.0,Palantir: Remember When,2019-12-13,9614,无,其他,https://www.youtube.com/watch?v=bWRdATJIq3M,youtube
B,37.0,Palantir for Ferrari: Partners in Ultimate Performance,2023-10-24,18525,无,其他,https://www.youtube.com/watch?v=NEg68khgkZQ,youtube
B,45.0,Palantir CEO Alex Karp at the Baltic Miltech Summit 2023,2023-04-27,22634,有,,https://www.youtube.com/watch?v=A1RWYAnKuy0,whisper
B,55.0,Palantir and SOMPO | Driving Social Change,2021-10-07,18701,有,,https://www.youtube.com/watch?v=mSi_gHw0bXo,youtube
B,53.0,Palantir CEO Alex Karp on Creating AI Advantage for the West | CNBC,2023-04-13,53744,有,,https://www.youtube.com/watch?v=c21HmgqyMG4,whisper
B,55.0,AIP in Action | Palantir's Ted Mabrey at AIPCon,2023-09-20,8566,有,,https://www.youtube.com/watch?v=PWlk_f_hfcc,whisper
A,76.0,Chad & Arnav | Privacy & Security with Palantir AIP,2025-07-21,4485,有,,https://www.youtube.com/watch?v=pGBkkZFqLn4,youtube
B,45.0,Interview Series: CEO Alex Karp on Palantir in Germany,2022-02-16,49210,有,,https://www.youtube.com/watch?v=FNrOWWSbz3A,youtube
B,58.0,Meet the Fellows | Meritocracy Fellowship 1.0,2025-11-10,6017,有,,https://www.youtube.com/watch?v=z5mfjRy3i_Q,youtube
A,76.0,Chad Interviews Tristan | How Palantir Powers Operations Across Utilities and Construction,2025-01-10,3569,有,,https://www.youtube.com/watch?v=A6ezkbF0fGs,whisper
A,70.0,Classifying Data with LLMs | Aramark at AIPCon 5,2024-09-25,2464,有,,https://www.youtube.com/watch?v=GFYdOaaqAGw,whisper
B,54.0,Palantir CTO Shyam Sankar on TITAN Win | CNBC 2023,2024-03-26,20032,有,,https://www.youtube.com/watch?v=ERnyeyps8RM,whisper
A,71.0,Palantir AIP Capabilities Demonstration | CTO Shyam Sankar at AIPCon,2023-06-05,65188,有,,https://www.youtube.com/watch?v=akieze8_tSE,whisper
B,64.0,Backstage Pass ft. Amit Kukreja & Chad Wahlquist | AIPCon 4,2024-06-10,2194,有,,https://www.youtube.com/watch?v=OxVlwmhE7ZE,whisper
B,55.0,"People, Process, and Infrastructure | PG&E + Palantir",2023-02-07,3298,有,,https://www.youtube.com/watch?v=dwwhy_N8vSE,whisper
B,55.0,Palantir and Jacobs | Optimizing Plant Operations at Scale,2022-11-18,7672,有,,https://www.youtube.com/watch?v=eg4eIhxdJAk,whisper
B,55.0,Moving Beyond Fragmentation | Swiss Re + Palantir,2022-11-22,2942,有,,https://www.youtube.com/watch?v=EMSZe6T8SGk,whisper
A,76.0,Chad Interviews Francisco | How Palantir Powers Supply Chain Operations,2025-01-24,6277,有,,https://www.youtube.com/watch?v=R3al0e3f-Do,whisper
B,37.0,"Newsha Ghaeli, Biobot Analytics | Software for Government Summit",2023-10-11,1504,无,其他,https://www.youtube.com/watch?v=FFZE6SxfeG4,youtube
B,64.0,"Then, Now, Future | Jacobs at AIPCon 4",2024-06-12,2448,有,,https://www.youtube.com/watch?v=2H2N-rG4R5g,whisper
B,37.0,Palantir CEO Alex Karp on Building Software for Uncertainty,2022-05-11,15776,无,其他,https://www.youtube.com/watch?v=_KuQY1WDs4s,youtube
B,64.0,Launching AIP for Public Safety Power Shutoff | PG&E + Palantir,2024-04-22,4370,有,,https://www.youtube.com/watch?v=o3Vg_WcCpRE,whisper
B,52.0,Nebraska Medicine | Prix 2024,2024-12-09,1161,有,,https://www.youtube.com/watch?v=Ojw36MpvOzY,whisper
B,58.0,Meet Our College Dropouts | Apply to Palantir,2025-04-01,11420,有,,https://www.youtube.com/watch?v=ti8R84-7N5k,whisper
B,52.0,Physna | Prix 2024,2024-12-09,873,有,,https://www.youtube.com/watch?v=r5eJxzooKC8,whisper
B,55.0,Palantir Apollo for Market Access | Cisco at AIPCon,2023-06-09,9592,有,,https://www.youtube.com/watch?v=od8-hB-OBJQ,whisper
B,55.0,Palantir and Sonnedix | Digitizing the Renewables Future,2023-01-17,11292,有,,https://www.youtube.com/watch?v=SIcModuhHJY,whisper
B,37.0,"DJ Angelini, Palantir | Software for Government 2023",2023-10-02,2571,无,其他,https://www.youtube.com/watch?v=4Gr8n7Jl08k,youtube
B,55.0,Palantir FoundryCon LDN | Keynote Highlights,2022-11-07,9748,有,,https://www.youtube.com/watch?v=p_k6tRSf1ts,whisper
A,70.0,Driving Digital Transformation with Democratized Foundry Use | Lear at AIPCon 5,2024-09-24,2088,有,,https://www.youtube.com/watch?v=HNe4S0h3oKM,whisper
B,55.0,Foundry Tech Playlist | Data Integration Series [Part 4],2022-04-28,8335,有,,https://www.youtube.com/watch?v=wuaQkWHJqb0,youtube
A,70.0,Think Tank | AI for Hospitals,2024-10-16,8651,有,,https://www.youtube.com/watch?v=0XZpVWnaS_A,whisper
A,71.0,Ontology: Your Business As Code | CTO Shyam Sankar,2023-02-07,53893,有,,https://www.youtube.com/watch?v=6AbhxD_8Wo0,whisper
B,55.0,AIP for Santa | Palantir Demo,2023-12-20,14868,有,,https://www.youtube.com/watch?v=4mvhhSP4t00,whisper
A,76.0,Enhancing Naval Reconnaissance | Saildrone at AIPCon 6,2025-03-18,1872,有,,https://www.youtube.com/watch?v=R1_nBKY8ySo,whisper
B,55.0,Partnership and Software Security | Morgan Stanley + Palantir,2022-10-31,4676,有,,https://www.youtube.com/watch?v=E6t_SzQUEzc,whisper
B,60.0,Palantir CEO Alex Karp and L3Harris CEO Chris Kubasik Talk New Partnership on CNBC,2024-10-29,41534,有,,https://www.youtube.com/watch?v=loUkPwrdA2Y,whisper
B,55.0,Palantir and Hence | Transforming the Knowledge Economy,2023-01-31,5836,有,,https://www.youtube.com/watch?v=2aCpwKyNkfs,whisper
B,45.0,Palantir for Financial Management,2021-09-17,23940,有,,https://www.youtube.com/watch?v=Gkz4J0vjxAQ,youtube
B,37.0,Data-Driven Cancer Research | National Cancer Institute + Palantir,2022-10-31,2444,无,其他,https://www.youtube.com/watch?v=GfbEbQNqDAc,youtube
A,70.0,Boots on the Ground | AIPCon 5,2024-09-20,6409,有,,https://www.youtube.com/watch?v=IfNjtzaAfCs,whisper
B,63.0,Palantir Pipeline Builder | The Next Generation of Data Integration,2022-08-18,26824,有,,https://www.youtube.com/watch?v=6_cyrBAf_dQ,youtube
B,61.0,Palantir CEO Alex Karp in conversation with CNBC's Wilfred Frost,2021-03-18,351221,有,,https://www.youtube.com/watch?v=kBlGMHiPf1U,youtube
B,37.0,Palantir for Supply Chain Resilience,2021-09-14,15274,无,其他,https://www.youtube.com/watch?v=fFVZoPWA1fw,youtube
B,46.0,Palantir Prix Lightning Talk | NYSE,2024-01-08,2400,有,,https://www.youtube.com/watch?v=07S9GJ6l0ME,whisper
A,79.0,Palantir Foundry 21 Launch | Demo Day,2021-06-03,131047,有,,https://www.youtube.com/watch?v=h4R1cOlJJ7o,youtube
A,70.0,Chad Interviews Matt | How Palantir Powers Fleet Ops,2024-12-18,3686,有,,https://www.youtube.com/watch?v=6Cf7R0fIIKY,whisper
B,37.0,"Lisa Hohman, Concordance Healthcare | Software for Government Summit",2023-10-10,1076,无,其他,https://www.youtube.com/watch?v=nTTu-68D9bk,youtube
B,37.0,A Holiday Message from Alex Karp and SOMPO Holdings CEO Kengo Sakurada,2021-12-23,12980,无,其他,https://www.youtube.com/watch?v=GCIoi3f0eeo,youtube
B,55.0,The Ontology: Scalable Oil & Gas Infrastructure,2022-12-09,16806,有,,https://www.youtube.com/watch?v=UVNAWRN1nCg,whisper
B,46.0,From Analog to Digital | Tyson Foods + Palantir,2022-11-21,11732,有,,https://www.youtube.com/watch?v=4ouje895qNc,whisper
B,55.0,FoundryCon US + LDN | Top Moments,2022-11-08,3499,有,,https://www.youtube.com/watch?v=LumD0jo_tBw,whisper
B,58.0,Palantir CEO Alex Karp on Why America Must Win the AI Race,2025-06-05,12255,有,,https://www.youtube.com/watch?v=i-SltDC_HeE,whisper
B,53.0,Interview Series: Palantir CEO Alex Karp shares his thoughts on…,2021-10-16,97725,有,,https://www.youtube.com/watch?v=phmJhHhNOUs,youtube
A,70.0,Accelerating Decision Making | National Geospatial-Intelligence Agency at AIPCon 5,2024-09-19,16214,有,,https://www.youtube.com/watch?v=XzKnUt6NAbw,whisper
B,37.0,Synchronizing Distributed Data | Palantir CEO Alex Karp and Peter Wilczynski,2022-11-10,18597,无,其他,https://www.youtube.com/watch?v=IX55r1WhUWM,youtube
B,37.0,Palantir CEO Alex Karp on Software Development as Art | American Swiss Foundation,2022-09-09,5366,无,其他,https://www.youtube.com/watch?v=uMOnjgDh3LU,youtube
A,76.0,Transforming Patient Journey | Nebraska Medicine at AIPCon 7,2025-06-10,4008,有,,https://www.youtube.com/watch?v=VM2XylCVYXI,youtube
B,37.0,How AI Can Support a Clean Energy Transition | Alex Karp at ADIPEC,2023-10-06,17831,无,其他,https://www.youtube.com/watch?v=jMOlBCHQcoI,youtube
B,45.0,An End of Year Message from Palantir CEO Alex Karp,2022-12-18,24742,有,,https://www.youtube.com/watch?v=D15CBOQLO-0,whisper
B,46.0,Purpose-Based Access Controls at Palantir (Part 1),2020-12-04,13358,有,,https://www.youtube.com/watch?v=7zqE8J4WKOU,whisper
B,37.0,Palantir FedStart - Providing Federal Market Access,2023-11-15,12309,无,其他,https://www.youtube.com/watch?v=NtyOdf6A0Rc,youtube
B,55.0,Building Resilience in Times of Crisis | Palantir at Enlit Europe,2023-02-06,4714,有,,https://www.youtube.com/watch?v=Fy6FkMYaZ28,whisper
B,37.0,CES 2023 | Automotive and Mobility,2023-01-13,3825,无,其他,https://www.youtube.com/watch?v=UbWKyMWlD6M,youtube
B,52.0,Nasdaq | Prix 2024,2024-12-09,3327,有,,https://www.youtube.com/watch?v=gQRQEGXyZEI,whisper
A,74.0,Palantir CEO Alex Karp Discusses The Technological Republic,2025-01-24,62362,有,,https://www.youtube.com/watch?v=YQpLq_59rCs,whisper
B,46.0,Palantir Prix Lightning Talk | Lowe’s,2024-01-08,4874,有,,https://www.youtube.com/watch?v=BaEqwobjYX0,whisper
B,55.0,Day Zero Partners | Building SaaS Offerings in Palantir Foundry,2021-11-12,11741,有,,https://www.youtube.com/watch?v=_IFy7j-E44U,youtube
B,45.0,Delivering Life-Saving Assistance with Data | Palantir and WFP,2021-08-02,21429,有,,https://www.youtube.com/watch?v=Iisb3OclVEQ,youtube
A,70.0,AI-Powered Intelligence with the Dynamic Risk Library | Crisis24 + Palantir,2024-07-31,18707,有,,https://www.youtube.com/watch?v=REpYvTS3QQA,whisper
A,74.0,Palantir CEO Alex Karp and TWG Global Co-Chairman Thomas Tull Talk New Partnership on CNBC,2025-05-06,69896,有,,https://www.youtube.com/watch?v=svDRof8ScmA,whisper
A,76.0,Palantir for Builders | European Cricket Network,2025-03-27,5511,有,,https://www.youtube.com/watch?v=OtSaPaJq3pI,whisper
A,76.0,Redefining Wealth Management | Citi Wealth at AIPCon 7,2025-06-10,13870,有,,https://www.youtube.com/watch?v=IZRCw5WnJm8,youtube
B,55.0,Powering Quality Journalism through Data Democratization | Palantir and Axel Springer,2022-10-18,5990,有,,https://www.youtube.com/watch?v=YcnA-kY9u9g,whisper
B,60.0,Palantir | Visual Navigation for Drones,2024-10-14,42660,有,,https://www.youtube.com/watch?v=Ha0KrXzI4SM,whisper
B,54.0,Palantir CEO Alex Karp speaks to CNBC's Andrew Ross Sorkin at WEF 2020,2020-01-30,24041,有,,https://www.youtube.com/watch?v=DXAnoIIhAog,whisper
B,52.0,Mark Bissell: “Growing up I didn’t fit the paradigmatic rebel-hacker Palantir engineer“,2024-08-28,2777,有,,https://www.youtube.com/watch?v=ZESDQjnmsQc,whisper
B,37.0,Behind the Scenes with Palantir & Fujitsu | WEF Davos 2022,2022-09-07,9836,无,其他,https://www.youtube.com/watch?v=nCgNuIP6Wpk,youtube
B,61.0,Palantir | Proud Partner to Leashes of Valor,2022-12-11,205295,有,,https://www.youtube.com/watch?v=no0jrsxoNcs,whisper
B,55.0,AIP Product Update | Palantir CTO Shyam Sankar at AIPCon,2023-09-18,13987,有,,https://www.youtube.com/watch?v=oW9svx4vT5g,whisper
B,60.0,Palantir CEO Alex Karp Opening Remarks | Prix 2024,2024-12-09,32245,有,,https://www.youtube.com/watch?v=3KumdFDL6jU,whisper
B,55.0,Transforming Custom Manufacturing | Integrity Tool & Mold + Palantir,2023-02-07,1952,有,,https://www.youtube.com/watch?v=3HSl8SWEiik,whisper
B,62.0,"Palantir CEO Alex Karp on Israel, AI and Outlook | CNBC at Davos 2024",2024-01-24,54857,有,,https://www.youtube.com/watch?v=QNkPpVYagRc,whisper
B,55.0,Palantir and Trafigura Launch Supply Chain Carbon Emissions Platform,2022-05-24,11599,有,,https://www.youtube.com/watch?v=XdVKgIcYFTM,youtube
B,58.0,The Technological Republic | Book Trailer,2025-01-22,9263,有,,https://www.youtube.com/watch?v=RZt1nThaSYo,whisper
B,37.0,"Dr. Dylan George, Centers for Disease Control | Software for Government Summit",2023-10-11,1442,无,其他,https://www.youtube.com/watch?v=90EKwyshBd4,youtube
B,37.0,Senator John Hickenlooper | Software for Government Summit 2023,2023-10-03,1352,无,其他,https://www.youtube.com/watch?v=WaylYkpP-Jw,youtube
B,37.0,Empowering Workers - Palantir on the Future of Work,2020-07-24,8319,无,其他,https://www.youtube.com/watch?v=rGTvf9eaZMg,youtube
B,55.0,Powering Vertical Takeoff | Lilium + Palantir,2022-11-22,19626,有,,https://www.youtube.com/watch?v=V2QLNnTnwTQ,whisper
B,37.0,FT Weekend 2022 | Palantir CEO Alex Karp on the NHS and Data-Driven Healthcare,2022-09-06,1916,无,其他,https://www.youtube.com/watch?v=5gBFDXUihgg,youtube
B,37.0,Palantir Q3 2021 Earnings Presentation,2022-02-17,2651,无,其他,https://www.youtube.com/watch?v=jtS6Dxi3c1A,youtube
A,76.0,The Next Generation of Care Coordination | TeleTracking at AIPCon 7,2025-06-10,2659,有,,https://www.youtube.com/watch?v=nJ62DUXS3kw,youtube
B,55.0,Palantir Foundry for Energy | Data-Driven Sustainability,2023-03-09,7680,有,,https://www.youtube.com/watch?v=NLQzUebEck8,whisper
A,76.0,Pre-Show | AIPCon 7,2025-06-25,1557,有,,https://www.youtube.com/watch?v=FO4gtugVyOU,youtube
A,84.0,Palantir CEO Alex Karp Opening Remarks | AIPCon 6,2025-03-18,20047,有,,https://www.youtube.com/watch?v=cxWGNq70V2Q,whisper
B,55.0,AIVIA: The Future of Roads | Cintra at AIPCon,2023-09-25,3425,有,,https://www.youtube.com/watch?v=Nce07FQOXn0,whisper
B,52.0,"Nicole O’Sullivan: “I got thrown into my first 4 week pilot, it was intense, scary, and so much fun”",2024-08-28,2476,有,,https://www.youtube.com/watch?v=8ADbHpEwUnM,whisper
B,55.0,Building Lifesaving Supply Chains | Palantir and Concordance Healthcare Solutions,2022-10-10,7643,有,,https://www.youtube.com/watch?v=o_UPXj5SRkw,whisper
B,58.0,Chad Interviews Anirudh | How Palantir Powers Retail Operations,2025-02-07,5586,有,,https://www.youtube.com/watch?v=hPiDyTDT080,whisper
B,58.0,Grid 360: Powering Utilities with Palantir,2025-03-14,11920,有,,https://www.youtube.com/watch?v=xRM9kfaHM7c,whisper
B,55.0,"Managing the Future of Mobility | Panel with BMW, Mercedes-Benz AG, CARIAD, and trans-o-flex",2022-12-12,4877,有,,https://www.youtube.com/watch?v=Uw_Z2l3Z_CA,whisper
B,37.0,Powering Pandemic Response in Colombia,2020-10-27,9402,无,其他,https://www.youtube.com/watch?v=n5hqA24bzTw,youtube
B,37.0,Palantir CEO Alex Karp on Expanding Our Business Amidst Uncertainty,2022-05-23,9595,无,其他,https://www.youtube.com/watch?v=EaR6hv3PIi0,youtube
B,37.0,Tampa General Hospital and Palantir | Operational AI in a Connected Health System,2023-08-01,6401,无,其他,https://www.youtube.com/watch?v=73R1k-nLiRg,youtube
B,52.0,Clarios | Prix 2024,2024-12-09,1024,有,,https://www.youtube.com/watch?v=EL1DZzN0xUg,whisper
A,76.0,Revolutionizing Customer Experience with Fleet OS | Hertz at AIPCon 7,2025-06-10,4580,有,,https://www.youtube.com/watch?v=RRmIxjErmCI,youtube
B,55.0,"Palantir's Evolution, Creating Battle-Tested Software | COO Shyam Sankar",2022-10-31,4504,有,,https://www.youtube.com/watch?v=v9aU65kowVI,whisper
B,61.0,Palantir | Secure Collaboration,2023-01-26,132479,有,,https://www.youtube.com/watch?v=5xcr0Bq4p-w,whisper
B,66.0,HD Hyundai | Powered by Palantir | Full Video,2025-02-26,46494,有,,https://www.youtube.com/watch?v=ydUdlXftKXI,whisper
A,74.0,HD Hyundai | Powered by Palantir,2025-01-30,65116,有,,https://www.youtube.com/watch?v=NWRiiAs3fn4,whisper
B,66.0,Palantir CEO Alex Karp and Head of Commercial Ted Mabrey Discuss The Technological Republic,2025-01-17,47910,有,,https://www.youtube.com/watch?v=eTOn3-aDIIA,whisper
A,70.0,Finding the Why with Palantir | Associated Materials at AIPCon 5,2024-09-24,6004,有,,https://www.youtube.com/watch?v=8yN-oigA-nc,whisper
A,76.0,Accelerating Clinical Trial Timelines while Protecting Patient Safety | Parexel at AIPCon 6,2025-03-18,1873,有,,https://www.youtube.com/watch?v=o2Zah7NPGI4,whisper
B,61.0,Palantir CEO Alex Karp on Software & Society,2021-02-19,128466,有,,https://www.youtube.com/watch?v=PzM0LzybwG4,youtube
B,45.0,"Meet the Palantirians: CEO Alex Karp in Conversation with Ben Bernstein, Forward-Deployed Engineer",2023-01-10,27547,有,,https://www.youtube.com/watch?v=SwSz-Na_fGU,whisper
B,37.0,Powering Predictive Operations | Jacobs + Palantir,2022-10-31,8601,无,其他,https://www.youtube.com/watch?v=BpZ6QF3-s-U,youtube
A,76.0,Alex Karp Opening Remarks | Paragon 2025,2025-12-05,17642,有,,https://www.youtube.com/watch?v=HWiEk_7Pulc,youtube
B,60.0,Dr. Karp Interviews Palantir University Fellows,2024-11-08,46070,有,,https://www.youtube.com/watch?v=qt26zeTPTPY,whisper
B,58.0,The Future of AI and Work,2026-01-29,12269,有,,https://www.youtube.com/watch?v=8qXIoUxisxk,youtube
B,58.0,Palantir and Hadean | UK Stories,2026-02-09,6668,有,,https://www.youtube.com/watch?v=kA-RPdosEm0,youtube
A,76.0,Empowering Merchants with Checkout 2.0 | Bolt at AIPCon 7,2025-06-10,2710,有,,https://www.youtube.com/watch?v=56VjLadULvA,youtube
A,79.0,Introducing Palantir AIP | Capabilities and Product Demo,2023-04-23,139267,有,,https://www.youtube.com/watch?v=Xt_RLNx1eBM,whisper
B,46.0,Palantir CEO Alex Karp on Delivering Value while Preserving Democracy | American Swiss Foundation,2022-09-09,3738,有,,https://www.youtube.com/watch?v=Ktu4ZKPLa1E,whisper
B,64.0,Unlocking the Future of Underwriting | Sompo at AIPCon 4,2024-06-12,3258,有,,https://www.youtube.com/watch?v=55kSbkkeHjc,whisper
B,55.0,Powering Clean Energy with Palantir,2021-07-16,19076,有,,https://www.youtube.com/watch?v=7u0Ec2eGZV0,youtube
B,63.0,From Insight to Action with the Ontology | Palantir CEO Alex Karp and Eran Witkon,2022-12-16,28273,有,,https://www.youtube.com/watch?v=KngJ_6X2zWY,whisper
B,58.0,Chad Interviews Zoë | Palantir for Builders,2025-04-18,3633,有,,https://www.youtube.com/watch?v=QxZOHsp2mhU,whisper
A,76.0,Chad & Matt | Lightweight Data Transforms with Palantir AIP,2025-08-25,5943,有,,https://www.youtube.com/watch?v=MITSJDI08R4,youtube
B,55.0,Palantir and Jacobs Present: Digital OneWater Powered by AI,2023-09-29,5891,有,,https://www.youtube.com/watch?v=_wVkzwNFBdk,whisper
B,37.0,A Digital Twin for a Trillion Dollar Industry | JD Power + Palantir,2023-02-07,9030,无,其他,https://www.youtube.com/watch?v=PofFuDMALfo,youtube
A,76.0,Unlocking Revenue Potential in Healthcare | R1 RCM at AIPCon 6,2025-03-18,4846,有,,https://www.youtube.com/watch?v=YGxLLloZ3hU,whisper
A,84.0,Palantir CEO Alex Karp Opening Remarks | AIPCon 8,2025-09-08,40527,有,,https://www.youtube.com/watch?v=AsTpgn1Bd2o,youtube
B,52.0,Tampa General Hospital | Prix 2024,2024-12-09,2919,有,,https://www.youtube.com/watch?v=AzDn0SL0ZWk,whisper
B,37.0,Palantir for Personnel Readiness,2022-08-16,9412,无,其他,https://www.youtube.com/watch?v=Ru6yrEMX6bw,youtube
B,58.0,The Technological Republic | Book Trailer (Français),2025-01-21,2022,有,,https://www.youtube.com/watch?v=gAphfv1Jzns,whisper
A,76.0,Zoë Interviews Our Builders | Palantir for Builders,2025-05-02,2313,有,,https://www.youtube.com/watch?v=IiZLX7jyLqA,whisper
B,55.0,Palantir Foundry for Builders | Supercharging Startup Growth,2021-10-15,18553,有,,https://www.youtube.com/watch?v=a5C7Wx4gxjY,youtube
A,70.0,Scaling Value and Transforming Pricing Strategy | Komatsu at AIPCon 5,2024-09-26,2226,有,,https://www.youtube.com/watch?v=pxnhy0V1BEo,whisper
B,55.0,From Mass Media to Mediatech: Palantir and Grupo Globo,2021-06-30,15209,有,,https://www.youtube.com/watch?v=JcY5kUvty9g,youtube
A,76.0,AIG Underwriter Assistance in Action | AIG at AIPCon 7,2025-06-13,5432,有,,https://www.youtube.com/watch?v=q4MSG5av4vk,youtube
B,37.0,Software at War | Palantir CEO Alex Karp at the Warsaw Security Forum,2022-10-06,16954,无,其他,https://www.youtube.com/watch?v=HwCURV3c-U4,youtube
B,37.0,"Mark Brunner, Primer AI | Software for Government 2023",2023-10-03,2184,无,其他,https://www.youtube.com/watch?v=2SnZC8CnGQ0,youtube
B,45.0,Palantir CEO Alex Karp | Sedona Forum 2023,2023-05-07,35442,有,,https://www.youtube.com/watch?v=oHGRDWgLYs8,whisper
B,45.0,Holiday Greetings from Palantir,2021-12-16,38221,有,,https://www.youtube.com/watch?v=agqXewmDfw0,youtube
B,37.0,Cone Health | Human-Centric Change: Leading Transformation in Healthcare,2023-09-22,3687,无,其他,https://www.youtube.com/watch?v=k79davCTbYg,youtube
A,82.0,Palantir CEO Alex Karp discusses his book The Technological Republic and America’s new moment | CNBC,2025-01-31,178124,有,,https://www.youtube.com/watch?v=j0Oz4P-NX84,whisper
B,55.0,Integrating the Construction Supply Chain | Katalyst DI + Palantir,2021-12-15,15833,有,,https://www.youtube.com/watch?v=1x51sOnShYk,youtube
B,45.0,Operational AI for Critical Institutions | Palantir CEO Alex Karp at CERAWeek,2023-03-08,31196,有,,https://www.youtube.com/watch?v=hkeohWt6rGA,whisper
A,76.0,Reinventing IndyCar Race Performance | Andretti at AIPCon 8,2025-09-07,2362,有,,https://www.youtube.com/watch?v=mBDQK7OJ1Ls,youtube
B,45.0,Palantir with Scuderia Ferrari: Partners in Ultimate Performance,2021-07-17,44698,有,,https://www.youtube.com/watch?v=W7DExH8iPnE,youtube
B,37.0,Palantir for Ferrari: Partners in Ultimate Performance,Unknown,0,有,其他,https://www.youtube.com/watch?v=NEg68khgkZQ,whisper
A,70.0,Chad Interviews Tim | How Palantir Powers Operations Across Insurance,2024-09-26,4214,有,,https://www.youtube.com/watch?v=QZCS8LqMqwc,whisper
B,64.0,CAZ Investments on Managing Unprecedented Leads with AI | AIPCon 3,2024-03-18,2251,有,,https://www.youtube.com/watch?v=B3duyenB4rQ,whisper
B,58.0,The Technological Republic | Book Trailer (Deutsch),2025-01-22,2176,有,,https://www.youtube.com/watch?v=bOt6H4INpcE,whisper
B,37.0,FT Weekend 2022 | Palantir CEO Alex Karp on Scaling European Software Development,2022-09-06,1680,无,其他,https://www.youtube.com/watch?v=P6k5Ce7qklA,youtube
A,76.0,AIPCon 6 | Behind-the-Scenes,2025-04-02,7339,有,,https://www.youtube.com/watch?v=KsjgvmH9A-s,whisper
B,63.0,How Palantir and PG&E are Powering the Grid,2022-04-08,20319,有,,https://www.youtube.com/watch?v=pgjUU98zR0c,youtube
B,55.0,Tampa General Hospital | Accelerating An Analytics Program Around Palantir Foundry & AIP,2023-11-13,5823,有,,https://www.youtube.com/watch?v=CUdPFUA-Aec,whisper
B,55.0,Palantir and Tampa General Hospital | Building a Connected Health System,2023-07-06,12938,有,,https://www.youtube.com/watch?v=SHzGi3b1WGA,whisper
B,64.0,Launching AIP Now Customer Service Engine | Lowe's + Palantir,2024-04-15,4941,有,,https://www.youtube.com/watch?v=6hQaVFTH1KI,whisper
B,58.0,MRPSpeed Deep Dive | Palantir Warp Speed for Material Resource Planning,2025-03-07,17923,有,,https://www.youtube.com/watch?v=tR-F4_mpTLU,whisper
B,55.0,Foundry Tech Playlist  |  Data Integration Series [Parts 1 and 2],2022-04-25,12539,有,,https://www.youtube.com/watch?v=L1DLc2YhQmY,youtube
B,55.0,Palantir Foundry for Energy | From Time Series Data to Real-World Action,2023-03-27,13563,有,,https://www.youtube.com/watch?v=fMiaepe7zOU,whisper
B,37.0,"Darrell Waldon, IRS | Software for Government 2023",2023-10-10,2427,无,其他,https://www.youtube.com/watch?v=sGvJr1Tfvq0,youtube
A,76.0,Weeks to Hours: Accelerating Drug Discovery with AIP | Novartis at AIPCon 8,2025-09-08,4334,有,,https://www.youtube.com/watch?v=dQ8KeyVmfUM,youtube
B,37.0,Palantir Q2 2021 Earnings Presentation,2022-02-17,4468,无,其他,https://www.youtube.com/watch?v=_zE3uP8GrtY,youtube
A,79.0,Palantir Gotham for Defense Decision Making,2021-06-08,385699,有,,https://www.youtube.com/watch?v=rxKghrZU5w8,youtube
B,45.0,Palantir and Sarcos | The Future of AI and Robotics at the Edge,2022-04-20,39196,有,,https://www.youtube.com/watch?v=EJG1GDe6XKY,youtube
A,76.0,Build to Apply | Candidate Demo - Anant,2025-07-01,6201,有,,https://www.youtube.com/watch?v=sq5d_6LMlkQ,youtube
A,76.0,Chad & Colton | Operationalizing AI with Palantir AIP Evals,2025-07-02,5741,有,,https://www.youtube.com/watch?v=iMF6cnU3o3o,youtube
A,76.0,Unfair Advantage | Highlights from AIPCon 8,2025-12-02,6197,有,,https://www.youtube.com/watch?v=_YpTwi_TtHQ,youtube
A,76.0,AI-Driven Supply Chain Transformation | Heineken at AIPCon 6,2025-03-18,13996,有,,https://www.youtube.com/watch?v=uo6y_0DG29I,whisper
B,55.0,LLMs as Great Artists | Palantir CEO Alex Karp Q&A at AIPCon,2023-09-18,15236,有,,https://www.youtube.com/watch?v=3UjvRi6k5Gk,whisper
B,37.0,Behind the Scenes with HD Hyundai & Palantir | WEF 2023,2023-04-10,7717,无,其他,https://www.youtube.com/watch?v=T5KW0bBGFS4,youtube
A,79.0,Palantir Explained: Chief Architect on Foundry in 2022,2022-03-29,321340,有,,https://www.youtube.com/watch?v=ZGGRCTTjLfQ,youtube
B,37.0,Palantir: Automating the COVID Persons Under Investigation Form,2020-03-20,17812,无,其他,https://www.youtube.com/watch?v=0DzIQ-ygQV4,youtube
B,66.0,Alex Karp | FOX News “Making Money with Charles Payne”,2025-03-18,21906,有,,https://www.youtube.com/watch?v=lV2GBAE2Zqo,whisper
A,76.0,Palantir CEO Alex Karp discusses his new book The Technological Republic with Stanley Druckenmiller,2024-12-17,112519,有,,https://www.youtube.com/watch?v=08wadxp9FnQ,whisper
A,84.0,Paragon 2025,2025-12-05,26139,有,,https://www.youtube.com/watch?v=UjkRz9HkldU,youtube
B,55.0,Q&A Discussion | Palantir CEO Alex Karp and Axios' Michael Allen,2022-10-31,16510,有,,https://www.youtube.com/watch?v=ZUZR7NtpRO4,whisper
B,37.0,"Interview Series: Palantir CEO Alex Karp on Data Protection, AI, and Digital Sovereignty",Unknown,0,有,其他,https://www.youtube.com/watch?v=wheVmu7NwnM,whisper
A,76.0,Supporting Flood Recovery in Texas | Texas Department of Public Safety at AIPCon 8,2025-09-08,3647,有,,https://www.youtube.com/watch?v=sk2peD8SB3s,youtube
A,71.0,TITAN | Powered by Palantir,2024-04-22,94431,有,,https://www.youtube.com/watch?v=7vwgr4xIfsw,whisper
A,76.0,Unifying the Care Journey for Every Patient | HSS at AIPCon 8,2025-09-08,2437,有,,https://www.youtube.com/watch?v=mKp3TTggihU,youtube
B,37.0,Lessons from the War in Ukraine | Palantir at the World Economic Forum 2023,2023-01-25,11173,无,其他,https://www.youtube.com/watch?v=RYgUZP1RGRc,youtube
A,76.0,Model Forecasting to Enhance Customer Experience | RaceTrac at AIPCon 6,2025-03-18,3727,有,,https://www.youtube.com/watch?v=fl3UeMw0lWk,whisper
A,76.0,Palantir AIP Evals | Feedback to Fix,2025-07-16,2473,有,,https://www.youtube.com/watch?v=hXSx9uG0R4k,youtube
B,63.0,The Future of LLMs | Palantir CEO Dr Alex Karp and Matt Babin's Fireside Q&A at AIPCon,2023-06-06,34891,有,,https://www.youtube.com/watch?v=ov3iILzXFt8,whisper
A,70.0,Deploying an AI Arsenal | Mount Sinai Health System at AIPCon 5,2024-09-20,4520,有,,https://www.youtube.com/watch?v=pNiQgc7qLhU,whisper
B,52.0,AARP + Asplundh | Prix 2024,2024-12-09,901,有,,https://www.youtube.com/watch?v=tAdn4h7vtKQ,whisper
S,86.0,Palantir CEO Alex Karp Discusses S&P 500 Inclusion and AIPCon on CNBC,2024-09-17,75369,有,,https://www.youtube.com/watch?v=W5_rSPG3A84,whisper
B,45.0,Our Oppenheimer Moment? | Palantir CEO Alex Karp at Tallinn Summit 2023,2023-09-06,47125,有,,https://www.youtube.com/watch?v=tObtHlDXYvc,whisper
B,64.0,General Mills on Driving Supply Chain Automation with Palantir | AIPCon 3,2024-03-14,14182,有,,https://www.youtube.com/watch?v=r_iIiVtKLX8,whisper
B,63.0,Palantir and Hertz Unveil Partnership | CEO Alex Karp on CNBC,2022-10-20,31496,有,,https://www.youtube.com/watch?v=OdiAE2VLuic,whisper
A,70.0,A Forward-deployed Approach to Clinical Workflows | Tampa General at AIPCon 5,2024-09-25,2382,有,,https://www.youtube.com/watch?v=q4bHiM-eePs,whisper
B,46.0,General Gustave F. Perna | Software for Government Summit 2023,2023-09-28,7796,有,,https://www.youtube.com/watch?v=1F7apO2hFXk,whisper
B,55.0,"AIPCon Full Stream | June 1, 2023",2023-06-03,19932,有,,https://www.youtube.com/watch?v=7EyWLo1XG4w,whisper
A,70.0,Foundry for Enterprise | AT&T at AIPCon 5,2024-09-15,11882,有,,https://www.youtube.com/watch?v=jLYsw3z7IJA,whisper
A,78.0,Palantir Architecture Speedrun | From Integration to Application,2024-08-27,45584,有,,https://www.youtube.com/watch?v=k88WbxMEvPY,whisper
B,45.0,Fighting Child Exploitation with Big Data: Palantir and NCMEC,2020-05-25,20042,有,,https://www.youtube.com/watch?v=h29rt8QV1Ko,whisper
B,63.0,Palantir Gotham: Europa,2022-05-20,28674,有,,https://www.youtube.com/watch?v=tZVx3BTkLlI,youtube
A,76.0,AI Optimization Agents | Palantir at AIPCon 7,2025-06-12,8587,有,,https://www.youtube.com/watch?v=38C9IGdCGBc,youtube
B,64.0,AI-Powered Master Data Management | MacDermid Enthone & Palantir,2024-06-04,7768,有,,https://www.youtube.com/watch?v=m9IZeHzylcU,whisper
A,76.0,Revolutionizing Defense with Advanced Drone Solutions | Red Cat at AIPCon 6,2025-03-18,6093,有,,https://www.youtube.com/watch?v=D5dZJ4DTL8M,whisper
B,37.0,Palantir Q4 2020 Earnings Presentation,2022-02-17,8340,无,其他,https://www.youtube.com/watch?v=s6Y8DPW-D1k,youtube
B,55.0,Evolving Beyond Linear CI/CD with Palantir Apollo,2022-08-01,7525,有,,https://www.youtube.com/watch?v=Y9IHXu9NB9Y,youtube
B,53.0,Palantir CEO Alex Karp speaks with CNBC's Andrew Ross Sorkin,2021-11-24,97443,有,,https://www.youtube.com/watch?v=eb2mIrDgR7A,youtube
B,37.0,"Dr. Ashwin Vasan, NYC Department of Health & Mental Hygiene | Software for Government Summit",2023-10-11,780,无,其他,https://www.youtube.com/watch?v=2_Wfw1uadM0,youtube
B,67.0,From Code to Career: Meet Palantir's Hiring Managers,2025-07-14,13245,有,,https://www.youtube.com/watch?v=IS57yy-YaJg,youtube
B,58.0,Palantir for Builders | Highlights,2025-04-29,3742,有,,https://www.youtube.com/watch?v=2Els62b1_CY,whisper
B,64.0,The AIP Ripple Effect | Tampa General Hospital at AIPCon 4,2024-06-12,3540,有,,https://www.youtube.com/watch?v=B1j8qP-Nevs,whisper
B,58.0,"Chad & Nicolas | Lightweight Transforms at Merck KGaA, Darmstadt, Germany",2025-10-09,2573,有,,https://www.youtube.com/watch?v=PGNWo-UuXLs,youtube
B,37.0,Defining New Boundaries | Space Systems Command + Palantir,2022-10-31,3040,无,其他,https://www.youtube.com/watch?v=2i2alb75Qx4,youtube
A,76.0,Chad & Xander | Lightweight Transforms in Pipeline Builder,2025-10-28,2472,有,,https://www.youtube.com/watch?v=DHSYo9s7eRo,youtube
B,62.0,Palantir CEO Alex Karp on Disinformation and AI | World Governments Summit,2024-02-14,87503,有,,https://www.youtube.com/watch?v=umANP9Ev2B4,whisper
B,54.0,Palantir CEO Alex Karp on AI for Security and Stability | FII Priority 2024,2024-02-23,28836,有,,https://www.youtube.com/watch?v=gTnbzjSZj5c,whisper
B,52.0,"Tiger Cross: “There was a reason I didn’t get in for those first 5 years, high bar is a good thing.”",2024-08-28,2455,有,,https://www.youtube.com/watch?v=RwMaUFrz3SM,whisper
B,46.0,Palantir Prix Lightning Talk | BCG,2024-01-08,3306,有,,https://www.youtube.com/watch?v=3qfTiY7PpKo,whisper
B,58.0,Chad & Konrad | Embedded Ontology,2026-02-10,3347,有,,https://www.youtube.com/watch?v=yLD5I16XkOo,youtube
B,37.0,Behind the Scenes with Palantir and HD Hyundai at CES,2022-04-11,15311,无,其他,https://www.youtube.com/watch?v=AlUyCIQi2MI,youtube
B,58.0,Palantir Warp Speed Deep Dive,2025-11-12,15927,有,,https://www.youtube.com/watch?v=mfmD1QqnaKg,youtube
B,52.0,AT&T | Prix 2024,2024-12-09,2134,有,,https://www.youtube.com/watch?v=x_naS7Pr0so,whisper
A,76.0,AIPCon 6 | Highlights,2025-05-13,9912,有,,https://www.youtube.com/watch?v=_8EVXiwRbME,whisper
B,55.0,It Can't be Done...or Can It? | HCA Healthcare at Palantir AIPCon,2023-06-12,9771,有,,https://www.youtube.com/watch?v=_P59r--r2uM,whisper
B,55.0,Developing Your AI Intuition | Palantir AIP Bootcamp Session,2023-11-09,19215,有,,https://www.youtube.com/watch?v=2p0WcDp9LBc,whisper
B,54.0,Palantir CEO Alex Karp on The Global Tech Race | Copenhagen Democracy Summit 2023,2023-05-16,30752,有,,https://www.youtube.com/watch?v=tfssGxVMqHE,whisper
B,55.0,Connected Health Systems | Tampa General Hospital + Palantir,2023-02-07,6658,有,,https://www.youtube.com/watch?v=r8CwP6ITWyc,whisper
B,64.0,AIP + Mixed Reality with Panasonic Energy of North America |  AIPCon 3,2024-03-13,7491,有,,https://www.youtube.com/watch?v=nUlnb1N6H9E,whisper
B,55.0,"Transforming Pandemics & Public Health | Ambassador Deborah Birx, MD + Palantir",2023-02-07,1797,有,,https://www.youtube.com/watch?v=1aIz4CJzR8Y,whisper
B,63.0,Palantir Apollo 2023 |  Mission Control for Software Deployment,2023-05-15,23824,有,,https://www.youtube.com/watch?v=XmLVuZKd2L0,whisper
B,58.0,Chad Interviews Alex | How Palantir Powers Operations Across Telecommunications,2025-02-14,5133,有,,https://www.youtube.com/watch?v=1YLXeZHekZM,whisper
A,76.0,Enhancing Production Efficiency with MRPSpeed | L3Harris at AIPCon 6,2025-03-18,3285,有,,https://www.youtube.com/watch?v=EX1T2CEJzL4,whisper
B,63.0,Palantir Apollo | Powering Cloud 2.0,2021-11-05,39712,有,,https://www.youtube.com/watch?v=JfGdHo4NsS4,youtube
B,61.0,Palantir CEO Alex Karp + Joe Lonsdale | American Optimist,2023-07-14,141749,有,,https://www.youtube.com/watch?v=BqW5fk6x858,whisper
B,55.0,Partnership Driven Transformation | Apache + Palantir,2022-10-31,2765,有,,https://www.youtube.com/watch?v=dR1c8qpMrJQ,youtube
B,58.0,From 9/11 to AI: Mike Gallagher on How American Workers Will Win the 21st Century,2025-09-12,2007,有,,https://www.youtube.com/watch?v=gakCerVqzSY,youtube
B,52.0,Fujitsu | Prix 2024,2024-12-09,2289,有,,https://www.youtube.com/watch?v=8cNvqaeOslU,whisper
A,74.0,"Alex Karp talks US software dominance, DOGE, and his book The Technological Republic | CNBC",2025-02-19,93917,有,,https://www.youtube.com/watch?v=V7mYWOzdhpc,whisper
S,94.0,The Future of Warfare | Palantir,2024-12-16,399554,有,,https://www.youtube.com/watch?v=UiiqiaUBAL8,whisper
B,52.0,Alex Spero: “That’s why I dropped out of Cornell to join Palantir”,2024-08-28,12523,有,,https://www.youtube.com/watch?v=riGS8_KSERg,whisper
B,37.0,Data-Driven Cancer Research | National Cancer Institute + Palantir,Unknown,0,有,其他,https://www.youtube.com/watch?v=GfbEbQNqDAc,whisper
B,46.0,A Discussion with Kevin Rudd + Greg Ip | Palantir Davos 2024,2024-01-20,4865,有,,https://www.youtube.com/watch?v=ytnkxHDA920,whisper
B,58.0,South Korea Pop-up,2025-10-14,10381,有,,https://www.youtube.com/watch?v=MZ93pgQBYWY,youtube
B,68.0,Palantir for Scuderia Ferrari: Building Ultimate Performance with Charles Leclerc,2024-12-02,55775,有,,https://www.youtube.com/watch?v=kntssghhi94,whisper
B,55.0,FoundryCon US 2023 Highlights,2023-02-14,3952,有,,https://www.youtube.com/watch?v=JtriwzXYqqs,whisper
B,55.0,Smoothing Supply Chain Shocks | Castrol + Palantir,2022-11-22,5058,有,,https://www.youtube.com/watch?v=yCaeoSG-upc,whisper
A,84.0,Palantir Ontology Overview,2025-11-17,45779,有,,https://www.youtube.com/watch?v=YDAxITCNcko,youtube
B,58.0,Nicholas Zamiska of Palantir Discusses The Technological Republic in Prague (Sept. 2025),2025-09-23,3062,有,,https://www.youtube.com/watch?v=NvwnOE6h598,youtube
B,55.0,High-Stakes Software Adoption | Southern California Edison + Palantir,2023-02-10,3688,有,,https://www.youtube.com/watch?v=tDeSiCTEclY,whisper
B,37.0,Palantir: Remember When,Unknown,0,有,其他,https://www.youtube.com/watch?v=bWRdATJIq3M,whisper
A,79.0,Foundry 2022 Operating System Demo,2022-04-27,168879,有,,https://www.youtube.com/watch?v=uF-GSj-Exms,youtube
B,61.0,Interview Series: Palantir CEO Alex Karp,2021-06-12,114013,有,,https://www.youtube.com/watch?v=hjjHdys2Ph4,youtube
B,55.0,Palantir and Station F Partner to Empower Early-Stage Companies,2021-12-09,10183,有,,https://www.youtube.com/watch?v=9CibCKxt6_Q,youtube
B,63.0,Palantir Foundry for Crypto | Powering the Future of Finance,2021-10-29,24423,有,,https://www.youtube.com/watch?v=l_JhDNZPuY4,youtube
B,37.0,"James McConnell, NNSA | Software for Government 2023",2023-10-02,2253,无,其他,https://www.youtube.com/watch?v=sJYf7rymWpw,youtube
B,64.0,Delivering Unprecedented Value | Fujitsu at AIPCon 4,2024-06-27,3234,有,,https://www.youtube.com/watch?v=JBvUK_EOod8,whisper
B,45.0,Empower the Edge | Palantir Edge AI,2021-07-26,25887,无,,https://www.youtube.com/watch?v=7SlO9VK9Gb4,youtube
B,46.0,Forging America's AI Advantage | SCSP AI Expo 2024,2024-03-19,5547,有,,https://www.youtube.com/watch?v=WhjkjSv09u8,whisper
B,64.0,Lennar on Navigating a Rapid AI-Powered Business Transformation | AIPCon 3,2024-03-16,5246,有,,https://www.youtube.com/watch?v=a3muSiXjttg,whisper
B,53.0,Palantir CEO Alex Karp on why Software Tipped the Balance in Ukraine | World Economic Forum,2023-01-17,52751,有,,https://www.youtube.com/watch?v=MmmekFQXLLU,whisper
A,76.0,AIP 2026: The Self-Healing Autonomous Enterprise | Paragon 2025,2025-12-15,8399,有,,https://www.youtube.com/watch?v=r3jMRs_Mum8,youtube
B,46.0,Munich Security Conference – Highlights from Alex Karp’s Conversation on Data and Democracy,2022-02-25,5595,有,,https://www.youtube.com/watch?v=R8a80o77hnE,youtube
B,55.0,Bringing AI to the Auto Industry | J.D. Power at AIPCon,2023-06-20,10652,有,,https://www.youtube.com/watch?v=WrK0raIVAV8,whisper
A,70.0,Overcoming Challenges Amidst COVID-19 Supply Chain Disruptions | TrinityRail at AIPCon 5,2024-09-23,2425,有,,https://www.youtube.com/watch?v=2CHsZe-1Hzk,whisper
B,45.0,Palantir CEO Alex Karp speaks at Reagan National Defense Forum,2021-12-08,21552,有,,https://www.youtube.com/watch?v=AfALPEulkEc,youtube
A,76.0,Customized Care When You Need it Most | Tampa General Hospital at Paragon 2025,2025-12-05,1740,有,,https://www.youtube.com/watch?v=TwwTlyIhCYI,youtube
B,58.0,AI on the Ground,2025-07-24,8003,有,,https://www.youtube.com/watch?v=fFZJV58uQSo,youtube
B,37.0,Palantir UK: There is so much left to build,2022-05-12,14235,无,其他,https://www.youtube.com/watch?v=osrvID99sM4,youtube
B,37.0,Reimagining Data Architecture | FORVIA + Palantir,2022-11-22,3366,无,其他,https://www.youtube.com/watch?v=jTu_bTmY2TQ,youtube
B,64.0,Cummins on Effective AI Implementation with Palantir | AIPCon 3,2024-03-20,3889,有,,https://www.youtube.com/watch?v=V5XZmbqNfXU,whisper
A,76.0,Palantir x Databricks | Partnership Overview,2026-01-09,9747,有,,https://www.youtube.com/watch?v=wOyByRnOgIc,youtube
A,70.0,"Less Conversation, More Action | Palantir Customer Service Engine (CSE)",2024-09-27,14567,有,,https://www.youtube.com/watch?v=rr0DzZPVgls,whisper
A,76.0,Driving Operational Value | bp at AIPCon 8,2025-09-08,3130,有,,https://www.youtube.com/watch?v=1Wrhaur3ws0,youtube
B,37.0,Palantir: Protecting the Protectors,2019-12-13,11500,无,其他,https://www.youtube.com/watch?v=q36Gj_UuTbE,youtube
A,76.0,AIP for Just-in-Time Production | Lear at AIPCon 8,2025-09-08,4845,有,,https://www.youtube.com/watch?v=-DPdyQR1bG4,youtube
B,52.0,Vruthik Thakkar: “Software as a whole has failed to move as fast as promised”,2024-08-28,1431,有,,https://www.youtube.com/watch?v=8tkHwhDaQNg,whisper
B,61.0,Palantir CEO Alex Karp on Escalating War in Ukraine and Outlook for Tech | CNBC,2022-09-22,135308,有,,https://www.youtube.com/watch?v=rJqx6GzyCHU,whisper
A,76.0,Chad & Agathe | How Palantir Powers AI Automation Across Procurement,2025-08-20,7932,有,,https://www.youtube.com/watch?v=F57OKeI7JAU,youtube
B,61.0,Global Instability and Software’s Opportunity | Palantir CEO Alex Karp and Stanley Druckenmiller,2022-09-13,181280,有,,https://www.youtube.com/watch?v=0sddHG0D0Y4,whisper
B,53.0,The Role of a Forward Deployed Software Engineer,2015-08-24,80335,有,,https://www.youtube.com/watch?v=5OYy_UtINo4,whisper
B,37.0,Manage Data Like Code,2020-02-25,6954,无,其他,https://www.youtube.com/watch?v=2v1RvsAyt2I,youtube
A,76.0,Backstage Pass | AIPCon 7,2025-06-16,1981,有,,https://www.youtube.com/watch?v=_8RokabwNG8,youtube
A,76.0,Crisis Has No Calendar | Paragon 2025,2025-12-05,16822,有,,https://www.youtube.com/watch?v=SZ_eZGmmpQU,youtube
A,76.0,S&P 500 Inclusion | Alex Karp’s Message to Palantirians,2024-09-10,127379,有,,https://www.youtube.com/watch?v=8o_lK7-133Q,whisper
B,37.0,"Cross-Industry Collaboration: CEO Alex Karp and Merck KGaA, Darmstadt, Germany",2022-03-02,9482,无,其他,https://www.youtube.com/watch?v=KfmgWSegsfU,youtube
B,55.0,Scaling Innovation in Healthcare with AIP | HCA at AIPCon,2023-09-21,11887,有,,https://www.youtube.com/watch?v=R-k4a__34ng,whisper
B,53.0,Palantir CEO Alex Karp on America’s Dominant Role in a Software World | CNBC,2022-12-05,66886,有,,https://www.youtube.com/watch?v=FoFCewgD2zs,whisper
B,55.0,Dynamic 5G Connectivity | DISH + Palantir,2023-02-07,4971,有,,https://www.youtube.com/watch?v=1D9vR07vTVI,whisper
A,72.0,"Palantir CEO Alex Karp Discusses TITAN, AIPCon on Bloomberg TV",2024-03-07,27240,有,,https://www.youtube.com/watch?v=MwYRbKPwO2A,whisper
B,37.0,Stabilizing Chronically Homeless Individuals with Project Welcome Home,2016-06-28,15026,无,其他,https://www.youtube.com/watch?v=dFF4gN56Bhg,youtube
A,76.0,"Overcoming Zero-Sum Thinking on Privacy, Civil Liberties, and Mission-Critical AI Systems",2025-08-26,4523,有,,https://www.youtube.com/watch?v=x-NEdIcgboo,youtube
B,63.0,Transforming the Newsroom: Palantir and Ringier,2021-04-20,20257,有,,https://www.youtube.com/watch?v=HyivBXfuIF8,youtube
B,58.0,Meet Our Boomerangs | Coming Back to Palantir After Leaving,2025-04-28,5408,有,,https://www.youtube.com/watch?v=uoYeXTX_ZOY,whisper
B,37.0,"Newsha Ghaeli, Biobot Analytics | Software for Government Summit",Unknown,0,有,其他,https://www.youtube.com/watch?v=FFZE6SxfeG4,whisper
B,52.0,Aisin | Prix 2024,2024-12-10,2247,有,,https://www.youtube.com/watch?v=rMAQ2vTtg5k,whisper
B,55.0,Q&A Discussion | Palantir CEO Alex Karp at FoundryCon US,2023-02-07,16490,有,,https://www.youtube.com/watch?v=9BpKijrg9iw,whisper
B,45.0,Interview Series: Palantir CEO Alex Karp,2021-07-01,32530,有,,https://www.youtube.com/watch?v=qgTkOKEUyKU,youtube
A,76.0,Chad & Bennett | Observability with Palantir AIP,2025-09-26,3698,有,,https://www.youtube.com/watch?v=9IgYLjxxesw,youtube
B,37.0,Palantir HealthCon: Highlights,2019-07-17,5136,无,其他,https://www.youtube.com/watch?v=yRki_UZMjOc,youtube
B,37.0,Deterrence in the Digital Age: View From the Indo-Pacific | Software for Government Summit,2023-10-13,2663,无,其他,https://www.youtube.com/watch?v=0Yd8gVOxvlI,youtube
A,76.0,Preventing Payer Denials in Healthcare | R1 RCM at Paragon 2025,2025-12-05,1289,有,,https://www.youtube.com/watch?v=od8G2dZvVPY,youtube
A,70.0,Introducing AIP Pipeline Outage Scheduling | Kinder Morgan + Palantir,2024-08-22,4133,有,,https://www.youtube.com/watch?v=MOxGftk2gHw,whisper
A,76.0,Connectivity To Depend On | AT&T at AIPCon 6,2025-03-18,2621,有,,https://www.youtube.com/watch?v=MjKhHS1w9FY,whisper
A,70.0,Palantir and Striveworks | AI-Powered Insight for Mission Critical Operations,2024-07-18,12728,有,,https://www.youtube.com/watch?v=CcGk6qhnl9E,whisper
B,37.0,HCA Healthcare | Transforming Healthcare Staffing with Strategic Scheduling,2023-09-26,7015,无,其他,https://www.youtube.com/watch?v=1c5WfY_KVtM,youtube
A,76.0,Why Every Other Software Must Justify Its Existence | Thomas Cavanagh at Paragon 2025,2025-12-05,6093,有,,https://www.youtube.com/watch?v=vH-pTvqeiMo,youtube
B,58.0,Army Navy Game 2025,2025-12-17,5936,有,,https://www.youtube.com/watch?v=u31W8bR_SWo,youtube
B,55.0,"Craig Savidge, Lockheed Martin | Software for Government 2023",2023-10-02,3176,有,,https://www.youtube.com/watch?v=_nvTXrIkbws,whisper
B,45.0,Palantir CEO Alex Karp at the Reagan National Defense Forum 2022,2022-12-05,27077,有,,https://www.youtube.com/watch?v=cbF8fTSybi0,whisper
B,58.0,Meet Our Siblings | Referring Family to Palantir,2025-07-11,4623,有,,https://www.youtube.com/watch?v=3DBnLIZCCo8,youtube
A,76.0,Revolutionizing Supply Chain Agility for the Frosty | Wendy’s QSCC at AIPCon 6,2025-03-18,9647,有,,https://www.youtube.com/watch?v=8wX9YjrR_1k,whisper
B,52.0,DTN + Velocity | Prix 2024,2024-12-09,1011,有,,https://www.youtube.com/watch?v=JTBGP1bPBa0,whisper
B,64.0,Lowe's on Improving Customer Service at Speed with Palantir | AIPCon 3,2024-03-15,5458,有,,https://www.youtube.com/watch?v=eDH5qeCLiAA,whisper
B,66.0,TITAN,2025-04-23,30122,有,,https://www.youtube.com/watch?v=9BfEeotMO10,whisper
B,66.0,Palantir CEO Alex Karp receives the Herman Kahn Award | Hudson Institute,2025-11-12,23174,有,,https://www.youtube.com/watch?v=8JbKTwDqkKI,youtube
B,61.0,Palantir CEO Alex Karp: A Discussion with Kevin Warsh (Stanford University),2022-01-21,118004,有,,https://www.youtube.com/watch?v=adobyve9ros,youtube
B,58.0,Chad Interviews Breno | Palantir for Hospitality,2025-06-24,2657,有,,https://www.youtube.com/watch?v=3B5A8JBt9zs,youtube
B,52.0,Kiewit + VCNA | Prix 2024,2024-12-09,1675,有,,https://www.youtube.com/watch?v=f--wCXPy1Fo,whisper
A,76.0,AI-Driven Recruitment Innovation | Morson Group at AIPCon 6,2025-03-18,4808,有,,https://www.youtube.com/watch?v=074pA3wY6N0,whisper
B,55.0,Foundry Tech Playlist  |  Data Integration Series [Part 3],2022-04-28,6951,有,,https://www.youtube.com/watch?v=To_ftBh0Q_4,youtube
A,76.0,Solving Societal Issues with Agentic Decision Making | Fujitsu at AIPCon 8,2025-09-08,2480,有,,https://www.youtube.com/watch?v=A47Nuav7X-4,youtube
B,62.0,Palantir CEO Alex Karp on Our Competitive Differentiation | CNBC,2024-03-14,83610,有,,https://www.youtube.com/watch?v=MxraZmkCWfg,whisper
A,76.0,Protecting America’s Security with AIP for Nuclear Construction | The Nuclear Company at AIPCon 8,2025-09-08,3350,有,,https://www.youtube.com/watch?v=hTjGU14bxP0,youtube
B,37.0,Focus Brands | Building Consensus for Technology Adoption in Complex Organizations,2023-10-05,4950,无,其他,https://www.youtube.com/watch?v=NK7HzTdjmpE,youtube
B,46.0,Purpose-Based Access Controls at Palantir (Part 2),2020-12-04,8012,有,,https://www.youtube.com/watch?v=Xbo65u9Yt1o,whisper
B,63.0,Mitigate Supply Chain Threats with Palantir,2021-04-15,30047,有,,https://www.youtube.com/watch?v=0vhIvkQYnps,youtube
B,37.0,Building Software for Space,2022-04-13,12472,无,其他,https://www.youtube.com/watch?v=3iylsWhHivE,youtube
B,53.0,Palantir CEO Alex Karp on Responsible AI in Warfare | REAIM 2023,2023-02-15,98869,有,,https://www.youtube.com/watch?v=z4jGmKUc6Aw,whisper
A,78.0,Palantir CEO Alex Karp Opening Remarks | AIPCon 5,2024-09-19,26165,有,,https://www.youtube.com/watch?v=I_SeV3KpbB4,whisper
B,58.0,Senior Counselor Jordan Hirsch and Meritocracy Fellow Aryan Mehra Discuss the Meritocracy Fellowship,2025-11-21,2614,有,,https://www.youtube.com/watch?v=zkptGdmnuiY,youtube
B,55.0,AIP for Material Shortages | Eaton at AIPCon,2023-09-22,5812,有,,https://www.youtube.com/watch?v=PXD9CluhLBs,whisper
B,64.0,Transforming Membership Engagement | AARP at AIPCon 4,2024-06-28,2360,有,,https://www.youtube.com/watch?v=cyaVInqZ5Y0,whisper
A,76.0,Turning Data Floods into Decision Making | Walgreens at AIPCon 6,2025-03-18,2401,有,,https://www.youtube.com/watch?v=10l8KScaPoE,whisper
A,70.0,Backstage Pass | AIPCon 5,2024-09-23,1887,有,,https://www.youtube.com/watch?v=F47gTGFk2Bo,whisper
A,76.0,AIPCon 7 | Highlights,2025-08-14,9914,有,,https://www.youtube.com/watch?v=EvoCRLMvN5s,youtube
A,76.0,Chad & Chris | Tariff Savings and Compliance through Palantir AIP,2025-09-17,4304,有,,https://www.youtube.com/watch?v=xBTPNLd8Jv8,youtube
B,58.0,Palantir’s Nicholas Zamiska Discusses The Technological Republic,2025-09-18,3622,有,,https://www.youtube.com/watch?v=L72uW5HAWB4,youtube
B,52.0,Conagra | Prix 2024,2024-12-09,1522,有,,https://www.youtube.com/watch?v=AA_zF-pQHek,whisper
B,37.0,Palantir | Secure Collaboration | Capabilities,2023-04-10,7497,无,其他,https://www.youtube.com/watch?v=TekbB_X3mB4,youtube
B,37.0,Palantir CEO Alex Karp on Building Software for Uncertainty,Unknown,0,有,其他,https://www.youtube.com/watch?v=_KuQY1WDs4s,whisper
B,60.0,"Army, Navy & Palantir: Partners in Victory",2024-10-31,25628,有,,https://www.youtube.com/watch?v=xnojO-i6rvQ,whisper
A,76.0,Palantir CEO Alex Karp on Software’s Role in Government Efficiency | Fox Business,2024-12-06,111438,有,,https://www.youtube.com/watch?v=9ldE_5F13eg,whisper
B,46.0,Palantir Prix Lightning Talk | Mount Sinai,2024-01-08,4456,有,,https://www.youtube.com/watch?v=tljWVIUbulg,whisper
A,76.0,Unlocking 5x Lead Conversion | Johnson Controls at Paragon 2025,2025-12-05,1756,有,,https://www.youtube.com/watch?v=j3RxCTPAFdA,youtube
B,45.0,AI on the Battlefield | Palantir CEO Alex Karp at FEINDEF,2023-05-19,38424,有,,https://www.youtube.com/watch?v=HergHd1lnbM,whisper
B,55.0,Palantir and Swiss Re | Making the World More Resilient,2022-06-27,12512,有,,https://www.youtube.com/watch?v=ITwz--MM7Bo,youtube
B,37.0,Komatsu | Harnessing AI to Optimize Mining Equipment Service & Customer Machine Uptime,2023-10-02,4888,无,其他,https://www.youtube.com/watch?v=Z7wduNTriRU,youtube
B,55.0,Foundry Reference Project | Overview,2022-02-10,19994,有,,https://www.youtube.com/watch?v=fAX5VXctpCA,youtube
B,68.0,Holiday Greetings from Palantir CEO Alex Karp,2024-12-23,56555,有,,https://www.youtube.com/watch?v=cA9eJ8U5yx8,whisper
B,63.0,"Palantir AI Inference Platform | Enabling AI at the Edge, with Palantir CEO Alex Karp",2021-12-01,25394,有,,https://www.youtube.com/watch?v=b2b8NCSoqZY,youtube
B,63.0,Palantir and Lilium | High-Speed Electric Jets,2022-08-23,32080,有,,https://www.youtube.com/watch?v=cpILsmHhGSw,whisper
B,37.0,View from the Hill: A Bipartisan Discussion on Elevating AI-Enabled Software,2023-10-17,1899,无,其他,https://www.youtube.com/watch?v=eRYBjQ-4S8Q,youtube
A,70.0,AIP for Santa | Supply Chain Edition,2024-12-23,8432,有,,https://www.youtube.com/watch?v=Nmlx4FxCAq0,whisper
A,84.0,AIPCon 7 June 2025,2025-06-06,22802,有,,https://www.youtube.com/watch?v=nQW4dPh1Vzs,whisper
B,61.0,Palantir Redacted,2021-12-15,614038,有,,https://www.youtube.com/watch?v=6qCoUg0miOs,youtube
B,63.0,Palantir Apollo | Demo Day,2021-06-03,34287,有,,https://www.youtube.com/watch?v=qJhfY6j_05Q,youtube
B,63.0,What it Takes to Win | Palantir CEO Alex Karp at Nashville Health Care Council,2023-10-03,23091,有,,https://www.youtube.com/watch?v=47PCH8Xec-I,whisper
B,64.0,MacDermid Enthone on Streamlining Data Harmonization with AI | AIPCon 3,2024-03-25,2317,有,,https://www.youtube.com/watch?v=M3KN2g1-YK0,whisper
A,76.0,Vibe Coding in Palantir AIP,2025-04-24,13352,有,,https://www.youtube.com/watch?v=2lgwr7trSgw,whisper
B,58.0,Build Software that Dominates: From Intern to Engineer,2025-07-30,9154,有,,https://www.youtube.com/watch?v=YLcAbbZX_Yk,youtube
B,64.0,Palantir CEO Alex Karp Opening Remarks | AIPCon 4,2024-06-10,9126,有,,https://www.youtube.com/watch?v=cHyf9XpYKxA,whisper
B,64.0,Palantir Prix Highlights,2024-01-09,15479,有,,https://www.youtube.com/watch?v=RCw7eakzt5Y,whisper
A,72.0,Palantir CEO Alex Karp Opening Remarks | AIPCon 3,2024-03-11,22720,有,,https://www.youtube.com/watch?v=1W5DxYNbHR8,whisper
B,37.0,Palantir for Hospitals: Cleveland Clinic,2023-10-31,15972,无,其他,https://www.youtube.com/watch?v=5uE_bY85bGU,youtube
B,58.0,Tampa General Hospital | Changing the DNA of Advanced Healthcare,2025-04-25,11215,有,,https://www.youtube.com/watch?v=j1a6zv1w54A,whisper
B,64.0,Archer Aviation on Evolving EVTOL Roadmap with AI | AIPCon 3,2024-03-17,17108,有,,https://www.youtube.com/watch?v=-Ofx6Wlumx0,whisper
B,55.0,Building for Opportunity | Onboarding Talks,2024-02-21,8418,有,,https://www.youtube.com/watch?v=5GrVkSjGN5o,whisper
B,55.0,High-Stakes AI Deployment | Jacobs at Palantir AIPCon,2023-06-07,16705,有,,https://www.youtube.com/watch?v=LNrxdUEdMBs,whisper
B,46.0,Alex Karp Accepts Business Executive of the Year | Business Executives for National Security,2024-06-13,19618,有,,https://www.youtube.com/watch?v=Zbihrz9NMok,whisper
B,63.0,Securing the Supply Chain with Palantir Foundry,2021-12-10,26983,有,,https://www.youtube.com/watch?v=lKOU7LPsaC4,youtube
A,76.0,Transforming Network Planning for Aviation | American Airlines at AIPCon 8,2025-09-08,7300,有,,https://www.youtube.com/watch?v=DLx3ix6c0Oo,youtube
B,37.0,"Chad Lesch, Crisis24 | Software for Government Summit",2023-10-10,4554,无,其他,https://www.youtube.com/watch?v=rJEIji-qJ_Y,youtube
B,63.0,Interview Series: Palantir CEO & Chief Architect on Foundry for the Modern Enterprise,2022-03-15,33862,有,,https://www.youtube.com/watch?v=sp_xg38lJpE,youtube
B,64.0,Revolutionizing Clinical Trial Data Processing | Parexel at AIPCon 4,2024-06-13,2871,有,,https://www.youtube.com/watch?v=PXKH64dOMHY,whisper
A,70.0,AIPCon 4 | Highlights and Behind-the-Scenes,2024-08-26,2401,有,,https://www.youtube.com/watch?v=ClwUSHS2XvU,whisper
A,71.0,Palantir Skykit | Intelligence and Operations at the Edge,2023-01-03,58207,有,,https://www.youtube.com/watch?v=F5a9aASy--c,whisper
B,54.0,"Palantir CEO Alex Karp on AI, Regulation, and the World Order | Munich Security Conference",2024-02-16,36196,有,,https://www.youtube.com/watch?v=Jb2oh0kAKCA,whisper
A,76.0,Unleashing Digital Potential with Next-Generation Telecom | Lumen at AIPCon 8,2025-09-08,3126,有,,https://www.youtube.com/watch?v=3c4ekdck0kg,youtube
B,66.0,Palantir CEO Alex Karp | AMA Livestream Recording,2025-02-13,24510,有,,https://www.youtube.com/watch?v=fMAuW1hP_HA,whisper
B,37.0,Powering Pandemic Response in the Netherlands,2021-02-19,10356,无,其他,https://www.youtube.com/watch?v=wq8ziQHHzVI,youtube
A,72.0,On the Field with Palantir AIP: Football Demo,2024-02-07,49887,有,,https://www.youtube.com/watch?v=Xw_Z14oYubc,whisper
B,66.0,Holiday Greetings from Palantir CEO Alex Karp,2025-12-18,26800,有,,https://www.youtube.com/watch?v=UPO5oV7xL5A,youtube
A,84.0,Agentic Operating System for the Enterprise | Palantir’s AIP Lead Jack Dobson at AIPCon 6,2025-03-18,23831,有,,https://www.youtube.com/watch?v=SePXznjZ-1A,whisper
A,84.0,Freak Show | Intro at AIPCon 8,2025-09-05,24189,有,,https://www.youtube.com/watch?v=nf_UGJsukMU,youtube
B,46.0,Palantir's Alex Karp discusses the need for U.S. leadership amidst the Israel-Hamas war | CNBC 2024,2024-06-20,12034,有,,https://www.youtube.com/watch?v=7_wwnJ1eRJ4,whisper
A,84.0,Palantir CEO Alex Karp Opening Remarks | AIPCon 7,2025-06-05,35093,有,,https://www.youtube.com/watch?v=qFYz2Yl-8tQ,whisper
B,45.0,Powering Innovation for Doosan Infracore,2021-02-22,35651,有,,https://www.youtube.com/watch?v=S7st0QER5So,youtube
B,58.0,Palantir for Ishikawa Prefecture | Transforming Disaster Response,2025-10-20,6366,有,,https://www.youtube.com/watch?v=kr2rtz9L5t8,youtube
B,53.0,Life at Palantir,2021-12-13,53909,有,,https://www.youtube.com/watch?v=ydrDSQeh1JM,youtube
B,52.0,Hyperscience + Manifest | Prix 2024,2024-12-09,1464,有,,https://www.youtube.com/watch?v=xZEqtMrUIfA,whisper
B,54.0,Palantir CEO Alex Karp on college protests and the future of war | CNBC 2024,2024-05-09,29370,有,,https://www.youtube.com/watch?v=E1schQrqJFU,whisper
A,79.0,Palantir AIP | Defense and Military,2023-04-25,407446,有,,https://www.youtube.com/watch?v=XEM5qz__HOU,whisper
B,37.0,"Securing the Air, Space, and Cyber Domains | Palantir",2022-09-20,15319,无,其他,https://www.youtube.com/watch?v=touvdfsYLrk,youtube
A,76.0,AI-Enabled Medical Operations | U.S. Department of State at AIPCon7,2025-06-10,4349,有,,https://www.youtube.com/watch?v=d3FmKfVpn8c,youtube
B,45.0,Deploying AI into Orbit | Palantir MetaConstellation,2021-09-08,34288,有,,https://www.youtube.com/watch?v=r8LtdKFcAvg,youtube
B,55.0,Powering Medicare Recommendations | Chapter + Palantir,2021-12-17,11570,有,,https://www.youtube.com/watch?v=Nkjn2_0qJBU,youtube
B,37.0,"DJ Angelini, Palantir | Software for Government 2023",Unknown,0,有,其他,https://www.youtube.com/watch?v=4Gr8n7Jl08k,whisper
B,46.0,Safeguarding Privacy and Security During a Crisis: Palantir’s Philosophy,2020-08-25,3860,有,,https://www.youtube.com/watch?v=dlNhgzb2Umo,whisper
B,62.0,A Conversation on Data & Democracy: Alex Karp and Wolfgang Ischinger at Munich Security Conference,2022-02-22,55872,有,,https://www.youtube.com/watch?v=d1XiIBiRSQ8,youtube
A,76.0,Actionable Intelligence from Every Tenant Interaction | Healthpeak at Paragon 2025,2025-12-05,2785,有,,https://www.youtube.com/watch?v=xgQXfzUgTO4,youtube
B,55.0,Palantir on Data Lineage and Deletion,2022-09-21,6571,有,,https://www.youtube.com/watch?v=_oF_H3cxSSA,whisper
B,64.0,Maximizing Plant Efficiency | Northwind at AIPCon 4,2024-06-13,1806,有,,https://www.youtube.com/watch?v=zaAzSAwsweI,whisper
B,55.0,The Future of Connected Manufacturing | PENA at Palantir AIPCon,2023-06-14,9374,有,,https://www.youtube.com/watch?v=3C4_3O2Grn4,whisper
B,61.0,The Army-Navy Football Game Presented by USAA | Palantir 2022 Commercial,2022-11-11,207367,有,,https://www.youtube.com/watch?v=S08BIWVcMm8,whisper
